Primer name,Primer sequence,Direction,MID sequence
het_LeRayF_N701,TCGTCGGCAGCGTCAGATGTGTATAAGAGACAGTCGCCTTAGGWACWGGWTGAACWGTWTAYCCYCC,Forward,TCGCCTTA
het_LeRayF_N702,TCGTCGGCAGCGTCAGATGTGTATAAGAGACAGCTAGTACGTGGWACWGGWTGAACWGTWTAYCCYCC,Forward,CTAGTACG
het_LeRayF_N703,TCGTCGGCAGCGTCAGATGTGTATAAGAGACAGTTCTGCCTGTGGWACWGGWTGAACWGTWTAYCCYCC,Forward,TTCTGCCT
het_LeRayF_N704,TCGTCGGCAGCGTCAGATGTGTATAAGAGACAGGCTCAGGACGAGGWACWGGWTGAACWGTWTAYCCYCC,Forward,GCTCAGGA
het_LeRayF_N705,TCGTCGGCAGCGTCAGATGTGTATAAGAGACAGAGGAGTCCATGAGGWACWGGWTGAACWGTWTAYCCYCC,Forward,AGGAGTCC
het_LeRayF_N706,TCGTCGGCAGCGTCAGATGTGTATAAGAGACAGCATGCCTATGCGAGGWACWGGWTGAACWGTWTAYCCYCC,Forward,CATGCCTA
het_LeRayF_N707,TCGTCGGCAGCGTCAGATGTGTATAAGAGACAGGTAGAGAGGAGTGGGGWACWGGWTGAACWGTWTAYCCYCC,Forward,GTAGAGAG
het_LeRayF_N708,TCGTCGGCAGCGTCAGATGTGTATAAGAGACAGCCTCTCTGCCTGTGGGGWACWGGWTGAACWGTWTAYCCYCC,Forward,CCTCTCTG
het_LeRayF_N709,TCGTCGGCAGCGTCAGATGTGTATAAGAGACAGAGCGTAGCGGWACWGGWTGAACWGTWTAYCCYCC,Forward,AGCGTAGC
het_LeRayF_N710,TCGTCGGCAGCGTCAGATGTGTATAAGAGACAGCAGCCTCGGAGTGGGGWACWGGWTGAACWGTWTAYCCYCC,Forward,CAGCCTCG
het_LeRayF_N711,TCGTCGGCAGCGTCAGATGTGTATAAGAGACAGTGCCTCTTTGCGAGGWACWGGWTGAACWGTWTAYCCYCC,Forward,TGCCTCTT
het_LeRayF_N712,TCGTCGGCAGCGTCAGATGTGTATAAGAGACAGTCCTCTACATGAGGWACWGGWTGAACWGTWTAYCCYCC,Forward,TCCTCTAC
het_LeRayF_DNAp,TCGTCGGCAGCGTCAGATGTGTATAAGAGACAGGCAGCGTAGGWACWGGWTGAACWGTWTAYCCYCC,Forward,GCAGCGTA
het_LeRayF_PCRp,TCGTCGGCAGCGTCAGATGTGTATAAGAGACAGCTGCGCATGAGTGGGGWACWGGWTGAACWGTWTAYCCYCC,Forward,CTGCGCAT
het_LeRayF_n1,TCGTCGGCAGCGTCAGATGTGTATAAGAGACAGGAGCGCTATGCGAGGWACWGGWTGAACWGTWTAYCCYCC,Forward,GAGCGCTA
het_LeRayF_n2,TCGTCGGCAGCGTCAGATGTGTATAAGAGACAGCGCTCAGTATGAGGWACWGGWTGAACWGTWTAYCCYCC,Forward,CGCTCAGT
het_LeRayR_N501,GTCTCGTGGGCTCGGAGATGTGTATAAGAGACAGTAGATCGCTAIACYTCIGGRTGICCRAARAAYCA,Reverse,TAGATCGC
het_LeRayR_N502,GTCTCGTGGGCTCGGAGATGTGTATAAGAGACAGCTCTCTATTTAIACYTCIGGRTGICCRAARAAYCA,Reverse,CTCTCTAT
het_LeRayR_N503,GTCTCGTGGGCTCGGAGATGTGTATAAGAGACAGTATCCTCTGTTAIACYTCIGGRTGICCRAARAAYCA,Reverse,TATCCTCT
het_LeRayR_N504,GTCTCGTGGGCTCGGAGATGTGTATAAGAGACAGAGAGTAGACGATAIACYTCIGGRTGICCRAARAAYCA,Reverse,AGAGTAGA
het_LeRayR_N505,GTCTCGTGGGCTCGGAGATGTGTATAAGAGACAGGTAAGGAGATGATAIACYTCIGGRTGICCRAARAAYCA,Reverse,GTAAGGAG
het_LeRayR_N506,GTCTCGTGGGCTCGGAGATGTGTATAAGAGACAGACTGCATATGCGATAIACYTCIGGRTGICCRAARAAYCA,Reverse,ACTGCATA
het_LeRayR_N507,GTCTCGTGGGCTCGGAGATGTGTATAAGAGACAGAAGGAGTAGAGTGGTAIACYTCIGGRTGICCRAARAAYCA,Reverse,AAGGAGTA
het_LeRayR_N508,GTCTCGTGGGCTCGGAGATGTGTATAAGAGACAGCTAAGCCTCCTGTGGTAIACYTCIGGRTGICCRAARAAYCA,Reverse,CTAAGCCT
het_LeRayR_DNAp,GTCTCGTGGGCTCGGAGATGTGTATAAGAGACAGGCAGCGTATAIACYTCIGGRTGICCRAARAAYCA,Reverse,GCAGCGTA
het_LeRayR_PCRp,GTCTCGTGGGCTCGGAGATGTGTATAAGAGACAGCTGCGCATGAGTGGTAIACYTCIGGRTGICCRAARAAYCA,Reverse,CTGCGCAT
het_LeRayR_n1,GTCTCGTGGGCTCGGAGATGTGTATAAGAGACAGGAGCGCTATGCGATAIACYTCIGGRTGICCRAARAAYCA,Reverse,GAGCGCTA
het_LeRayR_n2,GTCTCGTGGGCTCGGAGATGTGTATAAGAGACAGCGCTCAGTATGATAIACYTCIGGRTGICCRAARAAYCA,Reverse,CGCTCAGT
